actor,idol,singer,entertainer
이시영,방탄소년단,거미,유재석
소이현,엑소,백아연,박나래
신소율,블랙핑크,백예린,백종원
임수향,트와이스,볼빨간사춘기,박명수
임창정,레드벨벳,소향,정준하
박성웅,워너원,손승연,강호동
김옥빈,NCT,아이유,이광수
한채영,에이핑크,에일리,김종국
유준상,마마무,백지영,이영자
이하늬,비투비,윤하,김숙
이시언,위너,이하이,장성규
고준희,몬스타엑스,박정현,박준형
송중기,오마이걸,이소라,김민아
송혜교,아이즈원,박효신,보겸
윤세아,러블리즈,임창정,
엄정화,(여자)아이들,임재범,
이상엽,뉴이스트,박완규,
이다희,아스트로,김태원,
정혜성,투모로우바이투게더,김경호,
안소희,갓세븐,홍진영,
송지효,ITZY,하현우,
조보아,드림캐쳐,김진호,
강동원,스트레이키즈,장범준,
이성민,에버글로우,폴킴,
윤제문,,윤종신,
수애,,임영웅,
윤균상,,영탁,
라미란,,,
김서형,,,
오나라,,,
최수종,,,
조정석,,,
이제훈,,,
권상우,,,
김성균,,,
강소라,,,
안재홍,,,
김성오,,,
전여빈,,,
진서연,,,
김성령,,,
박신혜,,,
곽도원,,,
김대명,,,
안보현,,,
박서준,,,
김다미,,,
권나라,,,
유재명,,,
